"id","nazev","je_servisni","je_citelna"
"189","Výzva","0","0"
"331","Náhradní doručení","0","0"
"356","Prezenční listina","0","0"
"877","Živnostenský list","0","0"
"354","Pověření asistenta soudce","0","0"
"63","Přihláška pohledávky","0","1"
"1","Změna osoby","1","0"
"2","Změna adresy osoby","1","0"
"3","Změna věci","1","0"
"4","Změna v číselníku událostí","1","0"
"5","Insolvenční návrh","0","0"
"6","Insolvenční návrh spojený s návrhem na povolení oddlužení","0","0"
"7","Insolvenční návrh spojený s návrhem na povolení reorganizace","0","0"
"8","Návrh","0","0"
"9","Návrh na předběžné opatření","0","0"
"10","Návrh na moratorium","0","0"
"11","Návrh na zrušení moratoria","0","0"
"12","Návrh na vynětí majetku z majetkové podstaty","0","0"
"13","Návrh na povolení reorganizace","0","0"
"14","Návrh reorganizačního plánu předložený dlužníkem","0","0"
"15","Návrh reorganizačního plánu předložený věřitelem","0","0"
"16","Návrh změny reorganizačního plánu","0","0"
"17","Návrh na přeměnu reorganizace v konkurs","0","0"
"18","Návrh na povolení oddlužení","0","0"
"19","Návrh na osvobození od placení dosud neuspokojených pohledávek","0","0"
"20","Návrh na zrušení schváleného oddlužení","0","0"
"21","Návrh - zpětvzetí","0","0"
"22","Návrh - doplnění návrhu","0","0"
"23","Návrh - přílohy","0","0"
"24","Námitky","0","0"
"25","Námitky proti konečné zprávě","0","0"
"26","Námitky proti povolení oddlužení dle § 403 odst. 2","0","0"
"27","Žaloba","0","0"
"28","Sdělení","0","0"
"29","Sdělení dlužníka","0","0"
"30","Sdělení věřitele","0","0"
"31","Sdělení známého věřitele o pohledávce","0","0"
"32","Sdělení finančního úřadu","0","0"
"33","Sdělení banky","0","0"
"34","Sdělení živnostenského úřadu","0","0"
"35","Sdělení Ministerstva vnitra (auta)","0","0"
"36","Sdělení Střediska cenných papírů","0","0"
"37","Sdělení Katastru nemovitostí","0","0"
"38","Sdělení dlužníka o nepředložení reorganizačního plánu","0","0"
"40","Sdělení dlužníka o plnění oddlužení","0","0"
"41","Vyjádření","0","0"
"42","Vyjádření dlužníka","0","0"
"43","Vyjádření navrhovatele","0","0"
"44","Dotaz na stav řízení","0","0"
"45","Stížnost","0","0"
"46","Stížnost dlužníka","0","0"
"47","Stížnost věřitele","0","0"
"48","Zpráva","0","0"
"49","Zpráva o hospodářské situaci dlužníka","0","1"
"50","Zpráva o průběhu zpeněžení","0","0"
"51","Zpráva o plnění reorganizačního plánu","0","0"
"52","Zpráva dlužníka o svých příjmech dle § 412 odst. 1 písm. d)","0","0"
"53","Zpráva dlužníka o změně údajů dle § 412 odst. 1 písm. c)","0","0"
"54","Znalecký posudek","0","0"
"55","Plná moc","0","0"
"56","Výpis","0","0"
"57","Výpis ze seznamu advokátů","0","0"
"58","Výpis z obchodního rejstříku","0","0"
"59","Reorganizační plán","0","0"
"60","Reorganizační plán - zpráva","0","0"
"61","Jiné podání","0","0"
"62","Hlasovací lístek","0","0"
"65","Seznam přihlášených pohledávek - výpis","0","0"
"66","Usnesení","0","0"
"67","Usnesení o vyhlášení moratoria","0","0"
"68","Usnesení o odmítnutí návrhu na moratorium","0","0"
"69","Usnesení o prodloužení moratoria","0","0"
"70","Usnesení o zrušení moratoria","0","0"
"71","Usnesení o nevyhovění návrhu na zrušení moratoria","0","0"
"72","Usnesení o odmítnutí insolvenčního návrhu","0","0"
"73","Usnesení o zastavení řízení pro zpětvzetí insolvenčního návrhu","0","0"
"74","Usnesení o neúčinnosti zpětvzetí insolvenčního návrhu","0","0"
"75","Usnesení o úpadku","0","0"
"76","Usnesení o úpadku spojené s prohlášením konkursu","0","0"
"77","Usnesení o úpadku spojené s povolením reorganizace","0","0"
"78","Usnesení o úpadku spojené s povolením oddlužení","0","0"
"79","Usnesení o způsobu řešení úpadku konkursem dle usnesení schůze věřitelů","0","0"
"80","Usnesení o způsobu řešení úpadku reorganizací dle usnesení schůze věřitelů","0","0"
"81","Usnesení o zastavení řízení pro nedostatek podmínky řízení","0","0"
"82","Usnesení o zamítnutí insolvenčního návrhu","0","0"
"83","Usnesení o zamítnutí insolvenčního návrhu pro nedostatek majetku dlužníka","0","0"
"84","Usnesení o tom, že dlužník není v úpadku","0","0"
"85","Usnesení o vydání předběžného opatření","0","0"
"86","Usnesení o zrušení předběžného opatření","0","0"
"87","Usnesení o zastavení řízení pro nezaplacení zálohy na náklady řízení","0","0"
"88","Usnesení o ustanovení předběžného správce","0","0"
"89","Usnesení o záloze na náklady předběžného správce","0","0"
"90","Usnesení o hotových výdajích a odměně předběžného správce","0","0"
"91","Usnesení o ustvení znalce","0","0"
"92","Usnesení o schválení odměny znalce","0","0"
"93","Usnesení o ceně majetkové podstaty","0","0"
"94","Usnesení o prohlášení konkursu","0","0"
"95","Usnesení o zrušení konkursu","0","0"
"96","Usnesení o schválení zprávy správce po úmrtí dlužníka","0","0"
"97","Usnesení o nepatrném konkursu","0","0"
"98","Usnesení o zrušení rozhodnutí o nepatrném konkursu","0","0"
"99","Usnesení o povolení reorganizace","0","0"
"1068","Usnesení o prodloužení průběhu oddlužení","0","0"
"39","Sdělení správce o plnění oddlužení","0","1"
"64","Seznam přihlášených pohledávek","0","1"
"100","Usnesení o odmítnutí žaloby pro neodstranitelné vady","0","0"
"101","Usnesení o odmítnutí žaloby pro neoprávněnost","0","0"
"761","Usnesení dle § 114b o.s.ř.","0","0"
"102","Usnesení o odmítnutí žaloby pro opožděnost","0","0"
"103","Usnesení o zastavení řízení o žalobě","0","0"
"104","Usnesení o smíru","0","0"
"105","Usnesení o ustvení správce","0","0"
"106","Usnesení o potvrzení správce zvoleného schůzí věřitelů","0","0"
"110","Usnesení o zproštění funkce správce po skončení řízení","0","0"
"111","Usnesení o vstupu do řízení","0","0"
"112","Usnesení o rozsahu hlasovacího práva na schůzi věřitelů","0","0"
"113","Usnesení o zrušení usnesení schůze věřitelů","0","0"
"114","Usnesení o zamítnutí návrhu na zrušení usnesení schůze věřitelů","0","0"
"115","Usnesení o potvrzení volby členů a náhradníků věřitelského orgánu","0","0"
"116","Usnesení o jmenování prozatímního věřitelského výboru","0","0"
"117","Usnesení o jmenování členů a náhradníků věřitelského výboru","0","0"
"118","Usnesení o odměně a náhradě nutných výdajů likvidátora","0","0"
"119","Usnesení o odvolání z funkce člena nebo náhradníka věřitelského výboru","0","0"
"120","Usnesení o změně věřitelského orgánu v souvislosti s postupem pohledávky","0","0"
"121","Usnesení o odvolání věřitelského výboru","0","0"
"122","Usnesení o uložení pořádkové pokuty","0","0"
"123","Usnesení o předvolání k výslechu","0","0"
"124","Usnesení o odmítnutí přihlášky","0","0"
"125","Usnesení o tom, že se k přihlášce nepřihlíží","0","0"
"126","Usnesení o vzetí na vědomí zpětvzetí přihlášky","0","0"
"127","Usnesení kterým se věřiteli ukládá, aby plnil ve prospěch majetkové podstaty dle § 178 nebo § 179","0","0"
"128","Usnesení o ukončení účasti věřitele v insolvenčním řízení","0","0"
"129","Usnesení o opatřeních potřebných k zjištění majetkové podstaty a způsobu zjištění","0","0"
"130","Usnesení o nařízení prohlídky bytu","0","0"
"131","Usnesení o upuštění od provedení soupisu majetku","0","0"
"132","Usnesení o stvení lhůty pro splnění pohledávky za podstatou a určení části majetkové podstaty, která bude k úhradě použita","0","0"
"133","Usnesení o žalobě na vyloučení majetku z majetkové podstaty (vyhověl, zastavil, odmítl, zamítl)","0","0"
"134","Usnesení o vynětí majetku z majetkové podstaty","0","0"
"135","Usnesení o neúčinnosti právního úkonu","0","0"
"136","Usnesení o neplatnosti právního úkonu","0","0"
"137","Usnesení o vyhovění návrhu nájemce na zrušení výpovědi nájemní smlouvy","0","0"
"138","Usnesení o skončení provozu dlužníkova podniku","0","0"
"139","Usnesení o pokračování v přerušeném řízení","0","0"
"140","Usnesení o nařízení výkonu rozhodnutí nebo exekuce proti správci na majetek náležející do majetkové podstaty dlužníka","0","0"
"141","Usnesení o schválení dohody o vypořádání SJM","0","0"
"142","Usnesení o zrušení rozhodnutí o schválení dohody o vypořádání SJM","0","0"
"143","Usnesení o přerušení řízení o vypořádání SJM","0","0"
"144","Usnesení o opatření k vynucení splnění uložených povinností","0","0"
"145","Usnesení o prodloužení lhůty ke splnění povinností","0","0"
"146","Usnesení o povolení výjimky ze zákazu nabývání majetku z majetkové podstaty","0","0"
"147","Usnesení o pořadí úhrady pohledávky","0","0"
"148","Usnesení o povolení částečného rozvrhu","0","0"
"149","Usnesení o konečné zprávě","0","0"
"150","Usnesení o zákazu nakládat s majetkovou podstatou","0","0"
"151","Usnesení o omezení nakládat s majetkovou podstatou","0","0"
"152","Usnesení o odmítnutí návrhu na povolení reorganizace pro opožděnost","0","0"
"153","Usnesení o odmítnutí návrhu na povolení reorganizace pro vady","0","0"
"154","Usnesení o vzetí na vědomí zpětvzetí návrhu na povolení reorganizace","0","0"
"155","Usnesení o neúčinnosti zpětvzetí návrhu na povolení reorganizace","0","0"
"156","Usnesení o zamítnutí návrhu na povolení reorganizace","0","0"
"157","Usnesení o zařazení věřitele do jiné skupiny věřitelů","0","0"
"158","Usnesení o schválení reorganizačního plánu","0","0"
"159","Usnesení o schválení změny reorganizačního plánu","0","0"
"160","Usnesení o neschválení změny reorganizačního plánu","0","0"
"161","Usnesení o zamítnutí reorganizačního plánu","0","0"
"162","Usnesení o zrušení rozhodnutí o schválení reorganizačního plánu","0","0"
"163","Usnesení o přeměně reorganizace v konkurs","0","0"
"164","Usnesení o vzetí na vědomí splnění reorganizačního plánu","0","0"
"165","Usnesení o odměně správce","0","0"
"166","Usnesení o zastavení řízení dle § 427","0","0"
"167","Usnesení o odmítnutí návrhu na povolení oddlužení pro vady","0","0"
"168","Usnesení o odmítnutí návrhu na povolení oddlužení pro opožděnost nebo neoprávněnost","0","0"
"169","Usnesení o vzetí na vědomí zpětvzetí návrhu na povolení oddlužení","0","0"
"170","Usnesení o neúčinnosti zpětvzetí návrhu na povolení oddlužení","0","0"
"171","Usnesení o zamítnutí návrhu na povolení oddlužení","0","0"
"172","Usnesení o povolení oddlužení","0","0"
"173","Usnesení o způsobu oddlužení dle § 402 odst. 5","0","0"
"174","Usnesení o schválení oddlužení zpeněžením majetkové podstaty","0","0"
"175","Usnesení o schválení oddlužení plněním splátkového kalendáře","0","0"
"176","Usnesení o neschválení oddlužení","0","0"
"177","Usnesení o vzetí na vědomí splnění oddlužení","0","0"
"178","Usnesení o osvobození dlužníka od placení dosud neuspokojených pohledávek","0","0"
"179","Usnesení o odejmutí osvobození od placení dosud neuspokojených pohledávek","0","0"
"353","Záznam o složení peněz do soudní úschovy","0","0"
"180","Usnesení o zániku osvobození dlužníka od placení dosud neuspokojených pohledávek","0","0"
"181","Usnesení o zrušení schváleného oddlužení","0","0"
"182","Dotaz","0","0"
"183","Rozsudek","0","0"
"184","Vyhláška","0","0"
"185","Vyhláška o zahájení insolvenčního řízení","0","0"
"186","Vyhláška o svolání schůze věřitelů","0","0"
"187","Vyhláška o svolání přezkumného jednání","0","0"
"188","Vyhláška o konečné zprávě","0","0"
"190","Usnesení o uložení povinnosti zaplatit zálohu","0","0"
"191","Výzva věřitelům k podávání přihlášek pohledávek","0","0"
"192","Výzva na doplnění příloh insolvenčního návrhu","0","0"
"193","Výzva na předložení seznamů k insolvenčnímu návrhu","0","0"
"194","Výzva dlužníkovi k vyjádření se k insolvenčnímu návrhu","0","0"
"195","Výzva na správce","0","0"
"196","Výzva na odstranění vad návrhu na vynětí majetku","0","0"
"197","Výzva k opravě nebo doplnění návrhu na povolení reorganizace","0","0"
"198","Výzva k předložení reorganizačního plánu","0","0"
"199","Výzva k opravě nebo doplnění návrhu na povolení oddlužení","0","0"
"200","Výzva na zprávu správce o plnění oddlužení","0","0"
"201","Výzva na zprávu dlužníka o plnění oddlužení","0","0"
"202","Výzva k opravě nebo doplnění návrhu","0","0"
"203","Výzva na podání žaloby dle § 100 odst. 2","0","0"
"204","Pokyn insolvenčního soudu","0","0"
"205","Souhlas","0","0"
"206","Souhlas s vynětím majetku z majetkové podstaty","0","0"
"207","Souhlas s prodejem mimo dražbu","0","0"
"208","Souhlas s prodejem podniku","0","0"
"209","Souhlas s vydáním výtěžku zpeněžení zajištěnému věřiteli","0","0"
"210","Vyrozumění","0","0"
"211","Vyrozumění ČNB o prohlášení konkursu","0","0"
"212","Protokol","0","0"
"213","Protokol o prohlášení o postoupení pohledávky","0","0"
"214","Protokol ze schůze věřitelů","0","0"
"215","Protokol o jednání","0","0"
"216","Protokol o prohlídce bytu","0","0"
"217","Protokol o prohlášení o majetku","0","0"
"218","Rozvrhové usnesení","0","0"
"219","Předkládací zpráva","0","0"
"220","Svolání","0","0"
"221","Svolání věřitelského výboru","0","0"
"222","Nařízení jednání","0","0"
"223","Úřední záznam","0","0"
"224","Záznam o nahlédnutí do spisu","0","0"
"225","Hypoteční podstata","0","0"
"226","Konečná zpráva","0","0"
"227","Opatření","0","0"
"228","Opatření o určení osoby správce","0","0"
"229","Opatření o přikázání incidenčního sporu jinému soudci","0","0"
"230","Odvolání","0","0"
"231","Odvolání - doplnění","0","0"
"232","Odvolání - zpětvzetí odvolání","0","0"
"233","Vrácení spisu","0","0"
"234","Zapůjčení spisu","0","0"
"235","Žádost o prodloužení lhůty k vypravení rozhodnutí","0","0"
"236","Záznam o nahlížení do spisu","0","0"
"237","Vrácení spisu soudu I. stupně","0","0"
"238","Mylný zápis","0","0"
"239","Jiné","0","0"
"240","Bez věcného vyřízení (BVV)","0","0"
"241","Výzva","0","0"
"242","Výzva na doplnění odvolání","0","0"
"243","Výzva k vyjádření se k odvolání","0","0"
"244","Usnesení","0","0"
"245","Usnesení na doplnění odvolání","0","0"
"246","Usnesení k vyjádření se k odvolání","0","0"
"247","Usnesení o změně v osobě věřitele","0","0"
"248","Usnesení o pokračování v přerušeném řízení","0","0"
"249","Usnesení o přerušení","0","0"
"250","Rozhodnutí o odvolání ve věci pořádkové pokuty - potvrzení","0","0"
"251","Rozhodnutí o odvolání ve věci pořádkové pokuty - změna","0","0"
"252","Rozhodnutí o odvolání ve věci pořádkové pokuty - zrušení","0","0"
"253","Rozhodnutí o odvolání ve věci pořádkové pokuty - odmítnutí","0","0"
"254","Rozhodnutí o odvolání ve věci pořádkové pokuty - jiné","0","0"
"255","Rozhodnutí o zpětvzetí odvolání a zastavení odvolacího řízení","0","0"
"256","Rozhodnutí o odvolání ve věcech insol. správce - změna","0","0"
"257","Rozhodnutí o odvolání ve věcech insol. správce - zrušení","0","0"
"258","Rozhodnutí o odvolání ve věcech insol. správce - odmítnutí","0","0"
"259","Rozhodnutí o odvolání ve věcech insol. správce - jiné","0","0"
"260","Rozhodnutí o odvolání ve věcech věřitelského výboru - změna","0","0"
"261","Rozhodnutí o odvolání ve věcech věřitelského výboru - zrušení","0","0"
"262","Rozhodnutí o odvolání ve věcech věřitelského výboru - odmítnutí","0","0"
"263","Rozhodnutí o odvolání ve věcech věřitelského výboru - jiné","0","0"
"264","Rozhodnutí o odvolání ve věci ustvení znalce - změna","0","0"
"265","Rozhodnutí o odvolání ve věci ustvení znalce - zrušení","0","0"
"266","Rozhodnutí o odvolání ve věci ustvení znalce - odmítnutí","0","0"
"267","Rozhodnutí o odvolání ve věci ustvení znalce - jiné","0","0"
"268","Rozhodnutí o odvolání ve věci zpětvzetí přihlášené pohledávky - změna","0","0"
"269","Rozhodnutí o odvolání ve věci zpětvzetí přihlášené pohledávky - zrušení","0","0"
"270","Rozhodnutí o odvolání ve věci zpětvzetí přihlášené pohledávky - odmítnutí","0","0"
"271","Rozhodnutí o odvolání ve věci zpětvzetí přihlášené pohledávky - jiné","0","0"
"272","Rozhodnutí o odvolání ve věci odmítnutí přihlášky - změna","0","0"
"273","Rozhodnutí o odvolání ve věci odmítnutí přihlášky - zrušení","0","0"
"274","Rozhodnutí o odvolání ve věci odmítnutí přihlášky - odmítnutí","0","0"
"275","Rozhodnutí o odvolání ve věci odmítnutí přihlášky - jiné","0","0"
"276","Rozhodnutí o odvolání ve věci žaloby na vyloučení majetku z majetkové podstaty - změna","0","0"
"277","Rozhodnutí o odvolání ve věci žaloby na vyloučení majetku z majetkové podstaty - zrušení","0","0"
"278","Rozhodnutí o odvolání ve věci žaloby na vyloučení majetku z majetkové podstaty - odmítnutí","0","0"
"279","Rozhodnutí o odvolání ve věci žaloby na vyloučení majetku z majetkové podstaty - jiné","0","0"
"280","Rozhodnutí o odvolání ve věci vynětí majetku z maj. podstaty - změna","0","0"
"281","Rozhodnutí o odvolání ve věci vynětí majetku z maj. podstaty - zrušení","0","0"
"282","Rozhodnutí o odvolání ve věci vynětí majetku z maj. podstaty - odmítnutí","0","0"
"283","Rozhodnutí o odvolání ve věci vynětí majetku z maj. podstaty - jiné","0","0"
"284","Rozhodnutí o odvolání ve věci neplatnosti právního úkonu - změna","0","0"
"285","Rozhodnutí o odvolání ve věci neplatnosti právního úkonu - zrušení","0","0"
"286","Rozhodnutí o odvolání ve věci neplatnosti právního úkonu - odmítnutí","0","0"
"287","Rozhodnutí o odvolání ve věci neplatnosti právního úkonu - jiné","0","0"
"288","Rozhodnutí o odvolání ve věci neúčinnosti právního úkonu - změna","0","0"
"289","Rozhodnutí o odvolání ve věci neúčinnosti právního úkonu - zrušení","0","0"
"290","Rozhodnutí o odvolání ve věci neúčinnosti právního úkonu - odmítnutí","0","0"
"291","Rozhodnutí o odvolání ve věci neúčinnosti právního úkonu - jiné","0","0"
"292","Rozhodnutí o odvolání ve věci konečné zprávy - změna","0","0"
"293","Rozhodnutí o odvolání ve věci konečné zprávy - zrušení","0","0"
"294","Rozhodnutí o odvolání ve věci konečné zprávy - odmítnutí","0","0"
"295","Rozhodnutí o odvolání ve věci konečné zprávy - jiné","0","0"
"296","Rozhodnutí o odvolání ve věci rozvrhu - změna","0","0"
"297","Rozhodnutí o odvolání ve věci rozvrhu - zrušení","0","0"
"298","Rozhodnutí o odvolání ve věci rozvrhu - odmítnutí","0","0"
"299","Rozhodnutí o odvolání ve věci rozvrhu - jiné","0","0"
"300","Rozhodnutí o odvolání ve věci zrušení konkursu - změna","0","0"
"301","Rozhodnutí o odvolání ve věci zrušení konkursu - zrušení","0","0"
"302","Rozhodnutí o odvolání ve věci zrušení konkursu - odmítnutí","0","0"
"303","Rozhodnutí o odvolání ve věci zrušení konkursu - jiné","0","0"
"304","Rozhodnutí o odvolání ve věci schválení zprávy insol. správce - změna","0","0"
"305","Rozhodnutí o odvolání ve věci schválení zprávy insol. správce - zrušení","0","0"
"306","Rozhodnutí o odvolání ve věci schválení zprávy insol. správce - odmítnutí","0","0"
"307","Rozhodnutí o odvolání ve věci schválení zprávy insol. správce - jiné","0","0"
"308","Rozhodnutí o odvolání ve věci zproštění funkce insolv. správce, jeho výdajích a způsob úhrady - změna","0","0"
"309","Rozhodnutí o odvolání ve věci zproštění funkce insolv. správce, jeho výdajích a způsob úhrady - zrušení","0","0"
"310","Rozhodnutí o odvolání ve věci zproštění funkce insolv. správce, jeho výdajích a způsob úhrady - odmítnutí","0","0"
"311","Rozhodnutí o odvolání ve věci zproštění funkce insolv. správce, jeho výdajích a způsob úhrady - jiné","0","0"
"312","Rozhodnutí o odvolání ve věci osvobození dlužníka od placení pohledávek - změna","0","0"
"313","Rozhodnutí o odvolání ve věci osvobození dlužníka od placení pohledávek - zrušení","0","0"
"314","Rozhodnutí o odvolání ve věci osvobození dlužníka od placení pohledávek - odmítnutí","0","0"
"315","Rozhodnutí o odvolání ve věci osvobození dlužníka od placení pohledávek - jiné","0","0"
"316","Rozhodnutí o odvolání ve věci odejmutí osvobození dlužníkovi - změna","0","0"
"317","Rozhodnutí o odvolání ve věci odejmutí osvobození dlužníkovi - zrušení","0","0"
"318","Rozhodnutí o odvolání ve věci odejmutí osvobození dlužníkovi - odmítnutí","0","0"
"319","Rozhodnutí o odvolání ve věci odejmutí osvobození dlužníkovi - jiné","0","0"
"320","Rozhodnutí o odvolání ve věci zrušení schváleného oddlužení + konkurs - změna","0","0"
"321","Rozhodnutí o odvolání ve věci zrušení schváleného oddlužení + konkurs - zrušení","0","0"
"322","Rozhodnutí o odvolání ve věci zrušení schváleného oddlužení + konkurs - odmítnutí","0","0"
"323","Rozhodnutí o odvolání ve věci zrušení schváleného oddlužení + konkurs - jiné","0","0"
"324","Rozhodnutí o odvolání ve věci o přeměně reorganizace v konkurs - změna","0","0"
"325","Rozhodnutí o odvolání ve věci o přeměně reorganizace v konkurs - zrušení","0","0"
"326","Rozhodnutí o odvolání ve věci o přeměně reorganizace v konkurs - odmítnutí","0","0"
"327","Rozhodnutí o odvolání ve věci o přeměně reorganizace v konkurs - jiné","0","0"
"328","Rozhodnutí opravné usnesení","0","0"
"329","Záznam o mylném zařazení","0","0"
"330","Změna XSD dokumentu poznámky","1","0"
"332","Zpráva IS o stavu řízení","0","0"
"333","Dohoda o vypořádání SJM","0","0"
"334","Soupis majetkové podstaty","0","0"
"335","Dražební vyhláška","0","0"
"336","Protokol o vydražení","0","0"
"337","List vlastnictví","0","0"
"338","Návrh rozvrhového usnesení","0","0"
"339","Návrh na schválení dohody o vypořádání SJM","0","0"
"340","Návrh na svolání schůze věřitelů","0","0"
"341","Návrh částečného rozvrhového usnesení","0","0"
"342","Návrh na vydání opravného usnesení","0","0"
"343","Návrh na změnu v osobě věřitele","0","0"
"344","Návrh na zrušení konkurzu","0","0"
"345","Návrh na zrušení předběžného opatření","0","0"
"346","Návrh na vydání výtěžku zpeněžení zajištěnému věřiteli","0","0"
"347","Návrh na vydání souhlasu se zpeněžením MP mimo dražbu","0","0"
"348","Omluva","0","0"
"349","Zpráva IS o splnění rozvrhového usnesení","0","0"
"350","Zpráva IS o uzavření účetních knih","0","0"
"351","Platební poukaz","0","0"
"352","Potvrzení do převzetí do úschovy","0","0"
"355","Pověření vyššího soudního úředníka","0","0"
"357","Přípis","0","0"
"358","Sdělení o vstupu KSZ do řízení","0","0"
"359","Vstup státního zastupitelství do řízení","0","0"
"360","Výstup státního zastupitelství z řízení","0","0"
"361","Soupis majetkové podstaty","0","0"
"362","Usnesení o ustvení tlumočníka","0","0"
"363","Vyúčtování odměny znalce nebo tlumočníka","0","0"
"364","Usnesení o přiznání odměny tlumočníka","0","0"
"365","Výzva k zaplacení SOP","0","0"
"366","Zaplacení SOP","0","0"
"367","Žádost","0","0"
"368","Náhradní doručení","0","0"
"369","Právní moc","0","0"
"370","Právní moc konečného rozhodnutí","0","0"
"371","Informační zpráva","1","0"
"372","Změna stavu věci","1","0"
"373","Rozhodnutí o odvolání - potvrzeno","0","0"
"374","Rozhodnutí o odvolání - změněno","0","0"
"375","Rozhodnutí o odvolání - zrušeno a vráceno","0","0"
"376","Rozhodnutí o odvolání - zastavení řízení","0","0"
"377","Rozhodnutí o odvolání - odmítnuto","0","0"
"378","Rozhodnutí o odvolání - jinak","0","0"
"379","Rozhodnutí o odvolání - vráceno soudu 1. stupně bez věcného vyřízení","0","0"
"380","Zaslání rozhodnutí odvolacího soudu","0","0"
"381","Zaslání rozhodnutí odvolacího soudu a vrácení spisu","0","0"
"382","Převzetí věci Vrchním soudem","0","0"
"383","Rozhodnutí o tom, zda je soudce vyloučen","0","0"
"384","Rozhodnutí o delegaci","0","0"
"385","Rozhodnutí o věcné příslušnosti","0","0"
"386","Protokol o hlasování","0","0"
"387","Žádost o zapůjčení spisu","0","0"
"388","Příprava jednání","0","0"
"389","Protokol o vyhlášení rozhodnutí","0","0"
"390","Předložení věci Nejvyššímu soudu","0","0"
"391","Rozhodnutí VS/NS o určení příslušnosti ","0","0"
"392","Předložení věci vrchnímu soudu","0","0"
"393","Přípis - bez věcného vyřízení","0","0"
"394","Rozhodnutí o dovolání - zastavení řízení","0","0"
"395","Rozhodnutí o dovolání - zastavení dovolacího řízení","0","0"
"396","Rozhodnutí o dovolání - odmítnuto","0","0"
"397","Rozhodnutí o dovolání - zamítnuto","0","0"
"398","Rozhodnutí o dovolání - zrušeno a vráceno odvolacímu soudu","0","0"
"399","Rozhodnutí o dovolání - zrušeno a vráceno soudu 1. stupně","0","0"
"400","Rozhodnutí o dovolání - zrušeno a zastaveno řízení","0","0"
"401","Rozhodnutí o dovolání - jinak","0","0"
"402","Zaslání rozhodnutí dovolacího soudu a vrácení spisu","0","0"
"403","Rozhodnutí o místní příslušnosti (§ 11 odst. 3 OSŘ)","0","0"
"404","NS – Převzetí věci Nejvyšším soudem","0","0"
"405","Změna senátu věci","1","0"
"406","Doručení do ciziny","0","0"
"407","Dovolání","0","0"
"408","Dovolání - doplnění dovolání","0","0"
"409","Dovolání - zpětvzetí dovolání","0","0"
"410","Insolvenční návrh spojený s návrhem na prohlášení konkursu","0","0"
"411","Námitka podjatosti","0","0"
"412","Námitky dle § 373 IZ","0","0"
"413","Přihláška - návrh na vstup nového věřitele","0","0"
"414","Návrh dlužníka","0","0"
"415","Návrh na odvolání správce","0","0"
"416","Návrh na odvolání z funkce ve v.v.","0","0"
"417","Návrh na pokračování v řízení","0","0"
"418","Návrh na rozhodnutí o hlasovacím právu","0","0"
"419","Návrh na úpravu seznamu přihlášených pohledávek","0","0"
"420","Návrh na uspokojení pohledávky za podstatou","0","0"
"421","Návrh na uspokojení zajištěného věřitele","0","0"
"422","Návrh na změnu předběžného opatření","0","0"
"423","Návrh na zproštění správce z funkce","0","0"
"424","Návrh veřitelského výboru","0","0"
"425","Odvolání jiné","0","0"
"426","Omluva","0","0"
"427","Oznámení","0","0"
"428","Oznámení soudu","0","0"
"429","Oznámení o změně konání jednání","0","0"
"430","Platební poukaz","0","0"
"431","Pokračování v řízení po zpětvzetí","0","0"
"432","Protokol z jednání věřitelského výboru","0","0"
"433","Předložení věci Nejvyššímu soudu","0","0"
"434","Předvolání k výslechu","0","0"
"435","Předvedení k soudu","0","0"
"436","Převedení spisu příslušenému soudu","0","0"
"437","Předvolání ke slyšení","0","0"
"438","Převzetí spisu z jiného soudu","0","0"
"439","Přezkumné jednání","0","0"
"440","Přihláška pohledávky - částečné zpětvzetí","0","0"
"441","Přihláška pohledávky - doplnění, oprava","0","1"
"442","Přihláška pohledávky - zpětvzetí","0","0"
"443","Příloha k protokolu o jednání","0","0"
"444","Přistoupení k řízení (§ 107 IZ)","0","0"
"445","Referát","0","0"
"446","Referát pro judikaturu","0","0"
"447","Sdělení o odstoupení z funkce ve v.v.","0","0"
"448","Sdělení o osobě jednající jménem člena/náhradníka v.o.","0","0"
"449","Seznam přihlášených pohledávek - změna","0","0"
"450","Seznam/upravený seznam přihlášených pohledávek","0","0"
"451","Schůze věřitelů","0","0"
"452","Souhlas s určením zastupující osoby","0","0"
"453","Soupis majetkové podstaty","0","0"
"454","Soupis majetkové podstaty - doplnění","0","0"
"455","Usnesení o nepotvrzení volby v.v.","0","0"
"456","Usnesení o uspokojení pohledávky za podstatou","0","0"
"457","Usnesení o doplnění/změně konečné zprávy","0","0"
"458","Usnesení o nařízení předběžného opatření bez návrhu","0","0"
"459","Usnesení o nepotvrzení volby v.v.","0","0"
"460","Usnesení o neschválení dohody o vypořádání SJM","0","0"
"461","Usnesení o odměně a hotových výdajích tlumočníka","0","0"
"462","Usnesení o odmítnutí konečné zprávy","0","0"
"463","Usnesení o odmítnutí návrhu na předběžné opatření","0","0"
"464","Usnesení o postoupení věci","0","0"
"465","Usnesení o prominutí pořádkové pokuty","0","0"
"466","Usnesení o schválení konečné zprávy","0","0"
"467","Usnesení o ukončení lhůty k předložení reorganizačního plánu","0","0"
"468","Usnesení o uložení povinnosti","0","0"
"469","Usnesení o vyloučení z rozvrhu","0","0"
"470","Usnesení o vyplacení zálohy na odměnu správce","0","0"
"471","Usnesení o zamítnutí návrhu na předběžné opatření","0","0"
"472","Usnesení o zániku pohledávky","0","0"
"473","Usnesení o zastavení řízení","0","0"
"474","Usnesení o zastavení řízení o předběžném opatření","0","0"
"475","Usnesení o zastavení řízení vůči učastníku (§ 130 odst. 2 IZ)","0","0"
"476","Usnesení o změně v osobě znalce","0","0"
"477","Usnesení o změně rozhodnutí soudu I.stupně","0","0"
"478","Usnesení o zrušení rozhodnutí soudu I.stupně","0","0"
"479","Usnesení o uplynutí lhůty","0","0"
"480","Vrácená obálka","0","0"
"481","Vrácení příloh","0","0"
"482","Vyhláška o hlasování","0","0"
"483","Vyhláška o jednání o konečné zprávě","0","0"
"484","Vyhláška o svolání zvláštního přezkumného jednání","0","0"
"485","Výpis z evidence ARES","0","0"
"486","Vyrozumění o soupisu majetkové podstaty","0","0"
"487","Vyřízeno jiným způsobem","0","0"
"488","Vyúčtování odměny a výdajů správce","0","0"
"489","Výzva k odstranění odlišnosti návrhů","0","0"
"490","Vzdání se práva odvolání","0","0"
"491","Zahraniční insolvenční správce","0","0"
"492","Zápis v rejstříku ukončen","0","0"
"493","Zaslání doplnění přihlášky správci","0","0"
"494","Zaslání přihlášky/přihlášek správci","0","0"
"495","Záznam o složení zálohy","0","0"
"496","Záznam o zaplacení zálohy na insolvenční řízení","0","0"
"497","Zkrácené znění usnesení","0","0"
"498","Zpětvzetí popření pohledávky insolvenčním správcem","0","0"
"499","Zvláštní přezkumné jednání","0","0"
"501","Žádost o určení osoby správce","0","0"
"502","Rozhodnutí o odvolání - potvrzeno","0","0"
"503","Rozhodnutí o odvolání - změněno","0","0"
"504","Rozhodnutí o odvolání - zrušeno a vráceno","0","0"
"505","Rozhodnutí o odvolání - zastavení řízení","0","0"
"506","Rozhodnutí o odvolání - odmítnuto","0","0"
"507","Rozhodnutí o odvolání - jinak","0","0"
"508","Zaslání rozhodnutí odvolacího soudu","0","0"
"509","Zaslání rozhodnutí odvolacího soudu a vrácení spisu","0","0"
"510","Převzetí věci vrchním soudem","0","0"
"511","Rozhodnutí NS o dovolání - zastavení řízení","0","0"
"512","Rozhodnutí NS o dovolání - odmítnutí","0","0"
"513","Rozhodnutí NS o dovolání - zamítnutí","0","0"
"514","Rozhodnutí NS o dovolání - zrušení a vrácení odvolacímu soudu","0","0"
"515","Rozhodnutí NS o dovolání - zrušení a vrácení soudu 1. stupně","0","0"
"516","Rozhodnutí NS o dovolání - zrušení a zastavení řízení","0","0"
"517","Rozhodnutí NS o dovolání - jinak","0","0"
"518","Rozhodnutí NS o místní příslušnosti","0","0"
"519","Převzetí věci Nejvyšším soudem","0","0"
"520","Rozhodnutí o tom, zda je soudce vyloučen","0","0"
"521","Rozhodnutí o delegaci","0","0"
"522","Rozhodnutí o věcné příslušnosti","0","0"
"523","Přípis - bez věcného vyřízení","0","0"
"524","Protokol o hlasování","0","0"
"525","Žádost o zapůjčení spisu","0","0"
"526","Příprava jednání","0","0"
"527","Předložení věci Nejvyššímu soudu","0","0"
"528","Rozhodnutí o místní příslušnosti","0","0"
"529","Zpětvzetí návrhu","0","0"
"530","Návrh reorganizačního plánu","0","0"
"531","Protokol o prohlídce prostor","0","0"
"532","Opravné usnesení","0","0"
"533","Sdělení Ministerstva vnitra (auta)","0","0"
"534","Výpis ze seznamu přihlášených pohledávek","0","0"
"535","Usnesení o prodeji mimo dražbu","0","0"
"536","Usnesení o zpěněžení podniku","0","0"
"537","Usnesení o uspokojení zajištěného věřitele","0","0"
"538","Soupis majetkové podstaty - změna","0","0"
"539","Usnesení o svolání věřitelského výboru","0","0"
"540","Usnesení o nařízení prohlídky prostor","0","0"
"541","Rozhodnutí jiného soudu","0","0"
"542","Usnesení o odmítnutí žaloby","0","0"
"543","Usnesení, kterým se věřiteli ukládá, aby plnil ve prospěch majetkové podstaty dle § 178 nebo § 179","0","0"
"544","Výzva k podávání přihlášek pohledávek","0","0"
"545","Vyhláška o výzvě k podávání přihlášek pohledávek","0","0"
"546","Návrh na moratorium k insolvenčnímu návrhu","0","0"
"547","Usnesení o vyhlášení moratoria - po insolvenčním návrhu","0","0"
"548","Zánik moratoria","0","0"
"549","Zánik moratoria - po insolvenčním návrhu","0","0"
"550","Usnesení o zrušení moratoria - po insolvenčním návrhu","0","0"
"551","Návrh na prodloužení moratoria","0","0"
"552","Usnesení o změně rozhodnutí soudu I.stupně (bez změny stavu)","0","0"
"553","Usnesení o zrušení rozhodnutí soudu I.stupně (bez změny stavu)","0","0"
"554","Opětovné doručení vyhláškou","0","0"
"555","Usnesení o změně insolvenčního správce","0","0"
"556","Reklamace doručenky","0","0"
"557","Usnesení o prodloužení moratoria","0","0"
"656","Oznámení o procesním nástupnictví","0","0"
"558","Usnesení o prodloužení moratoria - po insolvenčním návrhu","0","0"
"559","Usnesení o odmítnutí návrhu na moratorium - po insolvenčním návrhu","0","0"
"560","Rozhodnutí o důvodnosti postoupení","0","0"
"561","Konečný/Závěrečný referát","0","0"
"562","Částečné zpětvzetí přihlášené pohledávky","0","0"
"563","Doplnění/oprava přihlášené pohledávky","0","0"
"564","Odpověď na reklamaci doručenky","0","0"
"565","Odročení jednání","0","0"
"566","Odvolání do předběžného opatření","0","0"
"567","Odvolání jednání","0","0"
"568","Protokol z přezkumného jednání","0","0"
"569","Protokol ze zvláštního přezkumného jednání","0","0"
"570","Předložení přihlášky NS","0","0"
"571","Předložení přihlášky VS","0","0"
"572","Usnesení o nepřipuštění změny v osobě věřitele","0","0"
"573","Usnesení o vrácení zálohy na insolvenční řízení","0","0"
"574","Usnesení o vydání/vyplacení zálohy na náklady řízení správce","0","0"
"575","Usnesení o zpětvzetí návrhu na oddlužení před povolením oddlužení","0","0"
"576","Vrácení přihlášky","0","0"
"577","Vrácení přihlášky soudu I.stupně","0","0"
"578","Výzva likvidátorovi","0","0"
"579","Zapůjčení přihlášky","0","0"
"580","Záznam o vydání","0","0"
"581","Zpětvzetí přihlášené pohledávky","0","0"
"582","Žádost insolvenčního správce","0","0"
"583","Žádost o prodloužení lhůty","0","0"
"584","Usnesení o vzetí na vědomí částečného zpětvzetí přihlášky","0","0"
"585","Předvolání k jednání","0","0"
"586","Usnesení o zamítnutí žaloby","0","0"
"587","Vykonatelnost","0","0"
"588","Zpětvzetí","0","0"
"589","VS - Rozsudek doplňující","0","0"
"590","VS - Usnesení doplňující","0","0"
"591","Rozhodnutí z incidenčního sporu","0","0"
"592","Usnesení o část. nepřihlížení a odmítnutí přihlášky","0","0"
"593","Usnesení o část. odmítnutí přihlášky","0","0"
"594","Usnesení o část. ukončení účasti věřitele v insol. řízení","0","0"
"595","Usnesení o nepřihlížení a odmítnutí přihlášky","0","0"
"596","Usnesení o část.změně v osobě věřitele","0","0"
"597","Směnka","0","0"
"598","Návrh na určení lhůty","0","0"
"599","Zpráva o mimořádných splátkách dle § 412 odst. 1 písm. b)","0","0"
"600","Úřad práce - uspokojení mzdových nároků","0","0"
"601","Výzva na doplnění dovolání","0","0"
"602","Usnesení o odmítnutí jednoho z insolvenčních návrhů","0","0"
"603","Usnesení o zamítnutí jednoho z insolvenčních návrhů","0","0"
"604","Usnesení o zastavení řízení o návrhu na moratorium ","0","0"
"605","Usnesení o změně splátkového kalendáře ","0","0"
"606","Sdělení insolvenčního správce","0","0"
"607","Vyřízení reklamace","0","0"
"608","Konečná zpráva  - doplnění","0","0"
"609","Dotaz na CEO","0","0"
"610","Usnesení o ustvení odděleného správce","0","0"
"611","Usnesení o zproštění odděleného správce","0","0"
"612","Zpětvzetí popření pohledávky dlužníkem","0","0"
"613","Usnesení o ustvení opatrovníka pro insolvenční řízení","0","0"
"614","Usnesení o ustvení opatrovníka pro doručování","0","0"
"615","Pokyn účtárně k vymáhání","0","0"
"616","Návrh na ustvení předběžného správce","0","0"
"617","Zaslání rozhodnutí s doložkou právní moci","0","0"
"618","Záznam o složení","0","0"
"619","Usnesení o zrušení oddlužení z důvodu úmrtí dlužníka","0","0"
"620","Zaslání údajů, které se neposílají WS","1","0"
"621","Usnesení o spojení věci k společnému projednávání","0","0"
"622","Oddělení spojené věci","0","0"
"623","Oddělení spojené věci po PM","0","0"
"624","Rozhodnutí soudu o určení procesní lhůty","0","0"
"625","Zasílání údaju o změně osoby veřitele v prihlášce","0","0"
"626","Zasílání neveřejných údaju o změně osoby věřitele v prihlášce","1","0"
"627","Převzetí vyžádaného spisu","0","0"
"628","Zaslání rozhodnutí dovolacího soudu","0","0"
"629","Rozhodnutí o odvolání - zrušeno a zastaveno","0","0"
"630","Usnesení o schválení zprávy o reorganizačním plánu","0","0"
"631","Záznam o složení jistoty","0","0"
"632","Usnesení o neschválení zprávy o reorganizačním plánu","0","0"
"633","Popření pohledávky přihlášeným věřitelem","0","0"
"634","Usnesení o vyloučení věci k samostatnému řízení","0","0"
"635","Usnesení o dodatečném zjištění popřené pohledávky","0","0"
"636","Znepřístupnění údajů o dlužníkovi dle § 425 IZ","0","0"
"637","Souhlas soudu se žádostí o vyškrtnutí dlužníka ze seznamu dlužníků","0","0"
"638","Žaloba pro zmatečnost","0","0"
"639","Rozhodnutí o žalobě pro zmatečnost - zrušení rozhodnutí","0","0"
"640","Rozhodnutí o žalobě pro zmatečnost - zamítnutí žaloby","0","0"
"641","Přenos údajů o konkursu","1","0"
"642","Smazání údajů o konkursu","1","0"
"643","Nový nápad","0","0"
"644","Nový nápad po vyloučení","0","0"
"645","Přenos změn údajů ve věci ke konkursu","1","0"
"646","Částečné zpětvzetí","0","0"
"647","Doplnění žaloby/návrhu","0","0"
"648","PO-usnesení o nařízení předběžného opatření","0","0"
"649","PO-usnesení o nařízení se částečně zrušuje","0","0"
"650","PO-usnesení o nařízení se zrušuje","0","0"
"651","PO-usnesení o odmítnutí","0","0"
"652","PO-usnesení o zamítnutí","0","0"
"653","PO-usnesení o zastavení","0","0"
"654","PO-usnesení o zpětvzetí","0","0"
"655","Povinnost zaplatit Sop dle rozhodnutí","0","0"
"657","Prodloužená lhůta k napsání rozhodnutí","0","0"
"658","Doplňková informace žalobce/navrhovatele","0","0"
"659","Prodloužení lhůty k předložení spisu","0","0"
"660","Protokol o provedení důkazů mimo jednání","0","0"
"661","Protokol o veřejném vyhlášení rozsudku","0","0"
"662","Protokol sepsaný mimo jednání","0","0"
"663","Provedeno","0","0"
"664","Předkládací zpráva","0","0"
"665","Předložení originálu směnky","0","0"
"666","Předložení spisu dle § 104a o.s.ř.","0","0"
"667","Doplňková informace žalovaného/odpůrce","0","0"
"668","Předvolání ke smírčímu řízení","0","0"
"669","Předvolání osoby s uloženou povinností při dokazování","0","0"
"670","Předvolání osoby/statut.orgán práv.osoby","0","0"
"671","Předvolání stát.zastupitelství k jednání nebo provedení důkazu","0","0"
"672","Předvolání svědka","0","0"
"673","Předvolání tlumočníka","0","0"
"674","Předvolání účastníka k přípravnému jednání","0","0"
"675","Předvolání účastníka k 1. jednání","0","0"
"676","Předvolání účastníka k dalšímu jednání","0","0"
"677","Předvolání účastníka k výslechu mimo jednání","0","0"
"678","Doplňující rozsudek","0","0"
"679","Předvolání zástupce účastníka k 1. jednání","0","0"
"680","Předvolání zástupce účastníka k dalšímu jednání","0","0"
"681","Předvolání zástupce účastníka k přípravě jednání","0","0"
"682","Předvolání zástupce žalovaného k 1. jednání","0","0"
"683","Předvolání znalce","0","0"
"684","Předvolání žalovaného k 1. jednání","0","0"
"685","Převedení jinému soudu","0","0"
"686","Přílohový spis","0","0"
"687","Přílohy","0","0"
"688","Přílohy spisu","0","0"
"689","Doplňující usnesení","0","0"
"690","Přípis","0","0"
"691","Přípis žalobci/zástupci žalobce","0","0"
"692","Přípis žalovanému/zástupci žalovaného","0","0"
"693","Přiznání odměny ustvenému zástupci (ex offo)","0","0"
"694","Půjčení spisu - bez S.O.","0","0"
"695","Referát","0","0"
"696","Referát pro v.s.ú.","0","0"
"697","Rejstřík trestů","0","0"
"698","Reklamace doručenky","0","0"
"699","Rekonstrukce spisu","0","0"
"700","Doručení podle Haagské úmluvy","0","0"
"701","Rozhodnutí předsedy soudu","0","0"
"702","Rozsudek pro uznání","0","0"
"703","Rozsudek pro zmeškání","0","0"
"704","Rozšíření žaloby","0","0"
"705","Sdělení","0","0"
"706","Sdělení o pohledávce","0","0"
"707","Sdělení pro vyvěšení na ÚD+EÚD","0","0"
"708","Sdělení vymáhajícího úředníka","0","0"
"709","Skončená věc","0","0"
"710","Doručení soudním doručovatelem","0","0"
"711","Fotokopie směnky","0","0"
"712","Splátkový kalendář - výzva na Sop","0","0"
"713","Stížnost","0","0"
"714","Upřesnění žalobce/navrhovatele","0","0"
"715","Upřesnění žalovaného/odpůrce","0","0"
"716","Urgence","0","0"
"717","Úřední záznam","0","0"
"718","Úschova soudu","0","0"
"719","Usn. o částečném osvobození od SOP","0","0"
"720","Doslání podání na VS","0","0"
"721","Usn. o osvob. od SOP v plném rozsahu a ustan.zástupce","0","0"
"722","Usn. o osvobození od SOP v plném rozsahu","0","0"
"723","Usn. o povinnosti zaplatit SOP","0","0"
"724","Usn. o vrácení SOP/přeplatku SOP","0","0"
"725","Usn. o výzvě k zaplacení SOP/doplatku SOP","0","0"
"726","Usnesení o výzvě k doplnění tvrzení","0","0"
"727","Usnesení - jiné","0","0"
"728","Usnesení - o nepřipuštění dalšího účastníka","0","0"
"729","Usnesení - o nepřipuštění vedlejšího účastníka","0","0"
"730","Usnesení - o nepřipuštění vstupu nového účastníka","0","0"
"731","Dotaz","0","0"
"732","Usnesení - o nepřipuštění zastoupení","0","0"
"733","Usnesení - o nepřipuštění změny návrhu","0","0"
"734","Usnesení - o nevyhovění","0","0"
"735","Usnesení - o povinnosti zaplatit NŘ","0","0"
"736","Usnesení - o prominutí pořádkové pokuty","0","0"
"737","Usnesení - o prominutí zmeškání lhůty","0","0"
"738","Usnesení - o připuštění částečné změny návrhu","0","0"
"739","Usnesení - o připuštění dalšího účastníka do řízení","0","0"
"740","Usnesení - o připuštění vedlejšího účastníka do řízení","0","0"
"741","Usnesení - o připuštění změny návrhu","0","0"
"742","Dovolání - jiné","0","0"
"743","Usnesení - o vyhovění","0","0"
"744","Usnesení - o zamítnutí žádosti o osvobození od Sop","0","0"
"745","Usnesení - o zamítnutí žádosti o prominutí pořádkové pokuty","0","0"
"746","Usnesení - o zamítnutí žádosti o prominutí zmeškání lhůty","0","0"
"747","Usnesení - o změně rozhodnutí","0","0"
"748","Usnesení - o odmítnutí podání","0","0"
"749","Usnesení - o prodloužení lhůty","0","0"
"750","Usnesení - výzva k předložení listin","0","0"
"751","Usnesení - výzva k vyjádření","0","0"
"752","Usnesení - výzva vyjádřit se k odvolání/dovolání","0","0"
"753","Částečný rozsudek","0","0"
"754","Elektronické podání","0","0"
"755","Usnesení - výzva, aby se účastník vyjádřil k žalobě","0","0"
"756","Usnesení - zamítnutí návrhu","0","0"
"757","Usnesení - zamítnutí návrhu na zrušení předběžného opatření","0","0"
"758","Usnesení - zastavení řízení","0","0"
"759","Usnesení - zpětvzetí neúčinné","0","0"
"760","Usnesení - zrušení rozhodnutí","0","0"
"762","Usnesení o částečném odmítnutí žaloby","0","0"
"763","Usnesení o částečném zastavení řízení","0","0"
"764","Usnesení o částečném zpětvzetí","0","0"
"765","Evidenční karta diktafonového záznamu","0","0"
"766","Usnesení o částečném zrušení rozsudku","0","0"
"767","Usnesení o částečném zrušení usnesení","0","0"
"768","Usnesení o neustvení zástupce","0","0"
"769","Usnesení o nákladech řízení","0","0"
"770","Usnesení o odkladu vykonatelnosti","0","0"
"771","Usnesení o odměně zástupci (ex offo)","0","0"
"772","Usnesení o odmítnutí odvolání","0","0"
"773","Usnesení o pokračování v přerušeném řízení","0","0"
"774","Faxové podání","0","0"
"775","Usnesení o procesním nástupnictví § 107a o.s.ř.","0","0"
"776","Usnesení o procesním nástupnictví § 107 o.s.ř.","0","0"
"777","Usnesení o přerušení řízení","0","0"
"778","Usnesení o přerušení řízení po vydání rozhodnutí","0","0"
"779","Usnesení o přiznání odměny opatrovníkovi","0","0"
"780","Usnesení o přiznání tlumočného","0","0"
"781","Usnesení o přiznání znalečného","0","0"
"782","Usnesení o schválení smíru","0","0"
"783","Usnesení o smíru - dílčí","0","0"
"784","Usnesení o spojení věcí ke společnému projednání","0","0"
"785","Informativní výslech","0","0"
"786","Usnesení o určení svědečného","0","0"
"787","Usnesení o uložení pokuty","0","0"
"788","Usnesení o uložení povinnosti","0","0"
"789","Usnesení o ustvení advokáta opatrovníkem","0","0"
"790","Usnesení o ustvení opatrovníka","0","0"
"791","Usnesení o přibrání tlumočníka","0","0"
"792","Usnesení o ustvení zástupce","0","0"
"793","Usnesení o ustvení znalce","0","0"
"794","Usnesení o vrácení jistoty","0","0"
"795","Usnesení o vyloučení věci k samostatnému projednání","0","0"
"796","Jistota","0","0"
"797","Usnesení o výzvě - zvolení advokáta pro dovolání","0","0"
"798","Usnesení o zahájení rekonstrukce","0","0"
"799","Usnesení o zamítnutí návrhu","0","0"
"800","Usnesení o zamítnutí přerušení řízení","0","0"
"801","Usnesení o zastavení řízení - dílčí","0","0"
"802","Usnesení o zastavení řízení o odvolání","0","0"
"803","Usnesení o změně a zastavení","0","0"
"804","Usnesení o změně rozhodnutí soudu I.stupně","0","0"
"805","Usnesení o zproštění funkce opatrovníka","0","0"
"806","Kolky z jiného soudu","0","0"
"807","Usnesení o zproštění funkce tlumočníka","0","0"
"808","Usnesení o zproštění funkce znalce","0","0"
"809","Usnesení o zproštění zastupování","0","0"
"810","Usnesení o zproštění znalce a jmenování nového","0","0"
"811","Usnesení o zrušení rozsudku a zastavení řízení","0","0"
"812","Usnesení o zrušení usn. pro nezaplacení Sop","0","0"
"813","Usnesení o zrušení usnesení a zastavení řízení","0","0"
"814","Usnesení o zrušení usnesení soudu I.stupně","0","0"
"815","Usnesení s výzvou k odstranění vad odvolání","0","0"
"816","Usnesení ÚS - jiné","0","0"
"817","Konkurs prohlášen na žalobce/navrhovatele","0","0"
"818","OP - Rozhodnutí ÚS o odmítnutí stížnosti","0","0"
"819","OP - Ústavní stížnost","0","0"
"820","Vrácení podání k opravě","0","0"
"821","Vrácení příloh","0","0"
"822","Vrácení rozhodnutí bez doložky právní moci","0","0"
"823","Vrácení spisu","0","0"
"824","Vrácení spisu - z S.O.","0","0"
"825","Vrácení spisu z jiného soudu k doplnění - v S.O.","0","0"
"826","Vstup státního zástupce","0","0"
"827","Vyjádření","0","0"
"828","Konkurs prohlášen na žalovaného/odpůrce","0","0"
"829","Výpis z katastru nemovitostí","0","0"
"830","Výpis z obchodního rejstříku","0","0"
"831","Výpis z živnostenského rejstříku","0","0"
"832","Výpis/opis z rejstříku trestů","0","0"
"833","Vyrozumění o odročení nebo odvolání jednání","0","0"
"834","Vyrozumění o odročení nebo odvolání provedení důkazu","0","0"
"835","Vyrozumění o odročení nebo odvolání přípravy jednání","0","0"
"836","Vyrozumění účastníků a zástupců o provedení důkazu","0","0"
"837","Výzva","0","0"
"838","Mezitímní rozsudek","0","0"
"839","Výzva k odstranění vad podání","0","0"
"840","Výzva k vyzvednutí směnky","0","0"
"841","Výzva pro vyvěšení na ÚD+EÚD","0","0"
"842","Zápis v rejstříku ukončen","0","0"
"843","Zaplacení Sop převodem","0","0"
"844","Zaplacení Sop převodem u jiného soudu","0","0"
"845","Zaplacení Sop v kolcích","0","0"
"846","Zaslání dovolání","0","0"
"847","Zaslání odvolání","0","0"
"848","OP - Dovolání","0","0"
"849","Zaslání žaloby žalovanému","0","0"
"850","Záznam","0","0"
"851","Záznam o nahlížení do spisu","0","0"
"852","Záznam o složení","0","0"
"853","Záznam z účtárny o vrácení","0","0"
"854","Zpětvzetí","0","0"
"855","Zpětvzetí jiné","0","0"
"856","Zpětvzetí návrhu po vydání rozhodnutí","0","0"
"857","Zpětvzetí odvolání","0","0"
"858","Doložka právní moci","0","0"
"859","OP - Návrh na povolení obnovy řízení","0","0"
"860","Žádost","0","0"
"861","Žádost na RT","0","0"
"862","Žádost na katastrální úřad","0","0"
"863","Žádost na OR","0","0"
"864","Žádost na ŽR","0","0"
"865","Žádost o vyznačení doložky PM","0","0"
"866","Žádost o doručení","0","0"
"867","Žádost o odročení jednání","0","0"
"868","Žádost o osvobození od zaplacení Sop","0","0"
"869","Žádost o prodloužení lhůty","0","0"
"870","OP - Rozhodnutí/Nález ÚS - zrušeno rozhodnutí I.stupně","0","0"
"871","Žádost o prominutí zmeškání lhůty","0","0"
"872","Žádost o předvedení","0","0"
"873","Žádost o stvení odměny ustveného advokáta","0","0"
"874","Žádost o zaslání spisu s odpovědí","0","0"
"875","Žádost/návrh na ustvení opatrovníka","0","0"
"876","Žádost/návrh na vydání opravného usnesení","0","0"
"878","Usnesení - výzva, zda účastník souhlasí s rozhodnutím bez jednání","0","0"
"879","Urgence vrácení zapůjčeného spisu","0","0"
"880","Výpis z CEO","0","0"
"881","OP - Rozhodnutí ÚS - zrušeno rozhodnutí II.stupně","0","0"
"882","Vyúčtování náhrad z používání vozidla","0","0"
"883","Žádost o nahlédnutí do spisu","0","0"
"884","Žádost o zaslání spisu k nahlédnutí","0","0"
"885","Žádost o sdělení čísla účtu","0","0"
"886","Vrácení směnky","0","0"
"887","Vrácení úschovy","0","0"
"888","VS - Rozsudek - potvrzeno","0","0"
"889","VS - Rozsudek - změna","0","0"
"890","OP - Usnesení o povolení obnovy","0","0"
"891","VS - Rozsudek -zrušeno a vráceno","0","0"
"892","VS - Usnesení - potvrzeno","0","0"
"893","VS - Usnesení - změna","0","0"
"894","VS - Usnesení - zrušeno a vráceno","0","0"
"895","VS - Usnesení - jinak","0","0"
"896","VS - Usnesení - odvolací řízení zastaveno","0","0"
"897","VS - Usnesení - odvolání odmítnuto","0","0"
"898","VS - Vrácení bez věcného vyřízení","0","0"
"899","OP - Usnesení o zamítnutí obnovy","0","0"
"900","VS - Převzetí odvolání nadřízeným soudem","0","0"
"901","VS - Opětovné převzetí odvolání nadřízeným soudem","0","0"
"902","VS - Vrácení spisu soudu I. stupně","0","0"
"903","VS - Protokol o hlasování","0","0"
"904","VS - Usnesení o delegaci","0","0"
"905","VS - Usnesení o důvodnosti postoupení","0","0"
"906","VS - Usnesení o příslušnosti","0","0"
"907","VS - Usnesení o tom, zda je soudce vyloučen","0","0"
"908","NS – Rozhodnutí o delegaci","0","0"
"909","NS – Rozhodnutí o podjatosti","0","0"
"910","OP - Usnesení o zamítnutí žaloby pro zmatečnost","0","0"
"911","NS – Rozhodnutí o příslušnosti","0","0"
"912","NS – Převzetí věci Nejvyšším soudem","0","0"
"913","NS – Protokol o hlasování","0","0"
"914","NS – Zaslání rozhodnutí dovolacího soudu a vrácení spisu","0","0"
"915","NS – Zaslání rozhodnutí dovolacího soudu bez spisu","0","0"
"916","NS – Rozhodnutí NS o dovolání – jinak","0","0"
"917","NS – Rozhodnutí NS o dovolání – odmítnutí","0","0"
"918","NS – Rozhodnutí NS o dovolání – zamítnutí","0","0"
"919","NS – Rozhodnutí NS o dovolání – zastavení řízení","0","0"
"920","NS – Rozhodnutí NS o dovolání – zrušení a vrácení odvolacímu soudu","0","0"
"921","OP - Usnesení o vyhovění žalobě - zrušení rozhodnutí I.stupně","0","0"
"922","NS – Rozhodnutí NS o dovolání – zrušení a vrácení soudu I. stupně","0","0"
"923","NS – Rozhodnutí NS o dovolání – zrušení a zastavení řízení","0","0"
"924","Oddělení spojené věci po právní moci","0","0"
"925","Rozhodnutí soudu o určení procesní lhůty","0","0"
"926","Vrácená obálka","0","0"
"927","Vyjádření k žalobě","0","0"
"928","Jiné podání","0","0"
"929","Pověření asistenta soudce/VSÚ","0","0"
"930","Opatření o příkázání věci jinému soudci","0","0"
"931","OP - Usnesení o vyhovění žalobě - zrušení rozhodnutí II.stupně","0","0"
"932","OP - Žaloba pro zmatečnost","0","0"
"933","Mylný zápis","0","0"
"934","Doložka právní moci - osobní převzetí","0","0"
"935","OP - Rozhodnutí/Nález ÚS - nevyhověno","0","0"
"936","Usnesení o zamítnutí námitky podjatosti","0","0"
"937","Námitka podjatosti","0","0"
"938","Návrh dle § 107a o.s.ř.","0","0"
"939","Návrh na delegaci z důvodu vhodnosti","0","0"
"940","Návrh na pokračování v řízení","0","0"
"941","Návrh na přerušení řízení","0","0"
"942","Návrh na přistoupení dalšího účastníka do řízení","0","0"
"943","Návrh na spojení věcí","0","0"
"944","Doplnění částečného zpětvzetí","0","0"
"945","Návrh na určení lhůty (§ 174a zák.č.6/2002 Sb.)","0","0"
"946","Návrh na určení příslušnosti soudu","0","0"
"947","Návrh na vydání předběžného opatření","0","0"
"948","Návrh na zajištění důkazů","0","0"
"949","Návrh na zrušení předběžného opatření","0","0"
"950","Návrh na zrušení rozsudku pro zmeškání","0","0"
"951","Oddělení spojené věci","0","0"
"952","Odeslání spisu - v S.O.","0","0"
"953","Odpověď na dotaz","0","0"
"954","Odpověď na reklamaci doručenky","0","0"
"955","Doplnění odvolání","0","0"
"956","Odpověď na výzvu","0","0"
"957","Odpověď na žádost","0","0"
"958","Odročeno na neurčito","0","0"
"959","Odročeno s rezervací","0","0"
"960","Odůvodnění dovolání","0","0"
"961","Odvolání jednání s rezervací","0","0"
"962","Odvolání jiné","0","0"
"963","Odvolání plné moci","0","0"
"964","Odvolání vzato zpět","0","0"
"965","Doplnění podání žalobce/navrhovatele","0","0"
"966","Omluva na jednání","0","0"
"967","OP - podání odvolání do PO","0","0"
"968","OP - odvolání do rozhodnutí","0","0"
"969","Opětovné doručení","0","0"
"970","Opravné usnesení vedlejší","0","0"
"971","Opravné usnesení","0","0"
"972","Oznámení katastrálnímu úřadu","0","0"
"973","Oznámení o ukončení zastupování","0","0"
"974","Oznámení pro vyvěšení na ÚD+EÚD","0","0"
"975","Platba jiná","0","0"
"976","Doplnění podání žalovaného/odpůrce","0","0"
"977","Platební poukaz","0","0"
"978","Platební poukaz - likvidátor,ustan.advokát","0","0"
"979","Platební poukaz - svědečné","0","0"
"980","Platební poukaz - tlumočné","0","0"
"981","Platební poukaz - znalečné","0","0"
"982","Plná moc","0","0"
"983","Pokračování v přerušeném řízení","0","0"
"984","Pokus o smír","0","0"
"985","Potvrzení o osobních a majetkových poměrech-k předání účastníkovi","0","0"
"986","Potvrzení o přijetí","0","0"
"987","Doplnění zpětvzetí","0","0"
"988","Poučení o námitce podjatosti","0","0"
"989","Poučení o procesních právech a povinnostech účastníka","0","0"
"990","Poučení účastníka o právu vyjádřit se k osobám soudců","0","0"
"991","Poučení účastníka o právu žádat o ustvení zástupce","0","0"
"992","Poukaz účtárně k vrácení Sop","0","0"
"993","Poukaz účtárně na vrácení jistoty","0","0"
"994","Poukaz účtárně na vrácení zálohy","0","0"
"995","Poukaz účtárně na vrácení pokuty","0","0"
"996","PO-usnesení o část.nařízení a část.odmítnutí","0","0"
"997","PO-usnesení o část.nařízení a část.zamítnutí","0","0"
"998","Vyrozumění o popření přihlášení pohledávky","0","0"
"999","Usnesení o zastavení dovolacího řízení","0","0"
"1000","Usnesení o zastavení odvolacího řízení","0","0"
"1001","Návrh na prohlášení konkursu","0","0"
"1002","Usnesení o zastavení řízení vůči zemřelému dlužníkovi","0","0"
"1003","Výpis z CEO","0","0"
"1004","Usnesení o zamítnutí návrhu na změnu věřitele","0","0"
"1005","Usnesení o odmítnutí odvolání pro opožděnost","0","0"
"1006","Usnesení o vrácení SOP/přeplatku SOP","0","0"
"1007","Seznam majetku a závazků","0","0"
"1008","Vyúčtování nákladů","0","0"
"1009","Zpětvzetí popření pohledávky věřitelem","0","0"
"1010","NS - Rozhodnutí NS - výzva","0","0"
"1011","NS - Přípis","0","0"
"1012","NS - Rozhodnutí NS - opravné","0","0"
"1013","NS - Rozhodnutí NS - procesní nástupnictví","0","0"
"1014","NS - Rozhodnutí NS - odložení vykonatelnosti","0","0"
"1015","NS - Rozhodnutí NS - odložení právní moci","0","0"
"1016","NS - Rozhodnutí NS o dovolání - měnící","0","0"
"1017","NS - Protokol o vyhlášení rozsudku","0","0"
"1018","Vyhláška o zahájení insolvenčního řízení dalšího dlužníka","0","0"
"1019","Sdělení o vzájemné souvislosti spisů ","0","0"
"1020","Zrušení vzájemné souvislosti spisů ","0","0"
"1021","Přenos změn údajů o úpadku ","1","0"
"1022","Smazání údajů o úpadku","1","0"
"1023","Výpis údajů ze základních registrů","0","0"
"1024","Výzva zahraničním věřitelů dle § 430 IZ ","0","0"
"1025","Pohledávka za majetkovou podstatou","0","0"
"1026","Sdělení účtárny","0","0"
"1027","Smlouva","0","0"
"1028","Smlouva o prodeji mimo dražbu","0","0"
"1029","Usnesení o odmítnutí dovolání","0","0"
"1030","Doplnění žádosti","0","0"
"1031","Výzva k podání žaloby na určení pořadí uplatněné pohledávky ( § 203a IZ) ","0","0"
"1032","Pokyn zajištěného věřitele","0","0"
"1033","Usnesení o pokynu zajištěného věřitele","0","0"
"1034","Usnesení o zamítnutí návrhu na osvobození od placení pohledávek","0","0"
"1035","Usnesení o nezveřejnění insolvenčního návrhu","0","0"
"1037","Zpráva o přezkumu","0","0"
"1038","Usnesení o zprávě o přezkumu","0","0"
"1039","Záznam o jednání s dlužníkem","0","0"
"1040","Usnesení o uložení pokuty podle insolvenčního zákona","0","0"
"1041","Usnesení o odmítnutí/zastavení námitek","0","0"
"1042","Usnesení o potvrzení/změně/vyhovění námitkám","0","0"
"1043","Usnesení o odmítnutí popření pohledávky přihlášeným věřitelem","0","0"
"1044","Žádost dlužníka","0","0"
"1045","Žádost o vyškrtnutí dlužníka ze seznamu dlužníků","0","0"
"1047","Usnesení o zaplacení zálohy na náklady důkazu","0","0"
"1048","Vzájemný návrh","0","0"
"1049","Usnesení o neschválení oddlužení a zastavení řízení","0","0"
"1050","Usnesení o zrušení schváleného oddlužení a zastavení řízení","0","0"
"1051","Usnesení o odmítnutí návrhu na povolení oddlužení a zastavení řízení","0","0"
"1052","Usnesení o zamítnutí návrhu na povolení oddlužení a zastavení řízení","0","0"
"1053","Vyhláška o zprávě o přezkumu a zprávě pro oddlužení","0","0"
"1054","Zpráva insolvenčního správce","0","0"
"1055","NS – Rozhodnutí NS","0","0"
"1056","NS – Rozhodnutí NS – ustanovení advokáta pro řízení o dovolání","0","0"
"1057","NS – Vyjádření k dovolání","0","0"
"1058","NS – Zpětvzetí dovolání","0","0"
"1059","NS – Doplnění dovolání","0","0"
"1060","NS – Replika k vyjádření","0","0"
"1061","NS – Dotaz na stav řízení","0","0"
"1062","NS – Žádost","0","0"
"1063","NS – Sdělení","0","0"
"1064","NS – Nález Ústavního soudu","0","0"
"1065","Usnesení o schválení oddlužení plněním splátkového kalendáře se zpeněžením majetkové podstaty","0","1"
"1066","Usnesení o přerušení průběhu oddlužení","0","0"
"1067","Usnesení o pokračování v oddlužení","0","0"
"1036","Zpráva pro oddlužení","0","1"
"1046","Sdělení správce o splnění oddlužení","0","1"
"1069","Usnesení o nesplnění oddlužení","0","1"
